mz_names,RaMPdb
mz-156.26059,0
mz-156.26195,0
mz-156.48344,0
mz-156.4838,0
mz-156.485,0
mz-157.54681,0
mz-158.41217,0
mz-160.02547,0
mz-170.45622,0
mz-170.45738,0
mz-170.85749,0
mz-172.43579,0
mz-174.41102,0
mz-174.41175,0
mz-174.41199,0
mz-174.74559,0
mz-174.74624,0
mz-175.79142,0
mz-175.79277,0
mz-175.79445,0
mz-176.04346,0
mz-176.04383,0
mz-178.41135,0
mz-178.41203,0
mz-178.74656,0
mz-179.08329,0
mz-179.08397,0
mz-180.40835,0
mz-180.409,0
mz-180.74289,0
mz-180.74358,0
mz-183.75563,0
mz-183.75626,0
mz-184.0874,0
mz-184.08799,0
mz-184.41564,0
mz-184.41614,0
mz-185.0806,0
mz-185.08132,0
mz-185.41508,0
mz-185.41581,0
mz-185.75256,0
mz-185.75329,0
mz-189.74745,0
mz-189.74812,0
mz-191.08451,0
mz-191.08528,0
mz-191.41903,0
mz-191.4198,0
mz-198.01421,0
mz-209.29101,0
mz-209.29263,0
mz-209.6922,0
mz-209.69272,0
mz-213.06912,0
mz-214.09129,0
mz-214.49241,0
mz-214.49296,0
mz-214.89735,0
mz-214.89784,0
mz-215.29923,0
mz-216.48752,0
mz-216.48932,0
mz-216.8887,0
mz-216.88926,0
mz-220.50383,0
mz-220.50422,0
mz-220.90188,0
mz-221.29554,0
mz-221.29605,0
mz-222.09406,0
mz-222.09595,0
mz-222.49538,0
mz-222.49742,0
mz-222.89652,0
mz-222.89718,0
mz-222.90033,0
mz-223.30148,0
mz-223.30201,0
mz-224.76918,0
mz-224.77032,0
mz-227.69378,0
mz-227.69426,0
mz-228.50008,0
mz-228.50043,0
mz-229.28376,0
mz-229.28425,0
mz-229.29859,0
mz-229.30061,0
mz-229.69991,0
mz-230.09668,0
mz-230.09717,0
mz-234.39054,0
mz-234.39156,0
mz-234.392,0
mz-234.72521,0
mz-234.72608,0
mz-256.11247,0
mz-257.12017,0
mz-261.60887,0
mz-261.61196,0
mz-262.11346,0
mz-262.11391,0
mz-267.61212,0
mz-268.11244,0
mz-268.11415,0
mz-268.62018,0
mz-269.7188,0
mz-270.12019,0
mz-270.12628,0
mz-270.12677,0
mz-270.12802,0
mz-270.12947,0
mz-270.12986,0
mz-270.60744,0
mz-271.10939,"{'ESR2', 'NCOA1', 'SULT1A4', 'SLX1B', 'DHRS4', 'CYP1A2', 'UGT1A1', 'ABCG2', 'SULT1A3', 'UDP-glucuronosyltransferase', 'TOP2A', 'ABCC1', 'ABCB1', 'ESR1', 'PTK2B'}"
mz-271.1314,0
mz-272.08722,0
mz-272.1348,0
mz-273.09506,0
mz-275.62803,0
mz-277.61187,0
mz-277.61554,0
mz-278.11711,0
mz-278.62327,0
mz-281.26431,0
mz-281.26746,0
mz-281.66562,0
mz-281.66898,0
mz-282.12805,0
mz-283.13138,0
mz-283.13595,0
mz-284.10722,0
mz-284.14369,0
mz-284.50693,0
mz-285.1107,0
mz-285.11512,0
mz-285.13903,0
mz-285.1471,0
mz-286.10297,0
mz-286.11848,0
mz-286.12293,0
mz-286.61721,0
mz-286.62091,0
mz-287.1108,0
mz-287.1227,0
mz-287.1262,0
mz-288.10618,"{'Catechol O-methyltransferase', 'UDP-glucuronosyltransferase', 'UGT1A1', 'COMT'}"
mz-288.10662,0
mz-288.10772,0
mz-288.10816,0
mz-288.1086,0
mz-288.10925,0
mz-288.10969,0
mz-288.11123,0
mz-288.11178,0
mz-288.11233,0
mz-288.11343,0
mz-288.11387,0
mz-288.11442,0
mz-288.11607,0
mz-288.11651,0
mz-288.1186,0
mz-288.12058,0
mz-288.12113,0
mz-288.12333,0
mz-288.12377,0
mz-288.12487,0
mz-288.12553,0
mz-288.12597,0
mz-288.12641,0
mz-288.12707,0
mz-288.12751,0
mz-288.12817,0
mz-288.12861,0
mz-288.12927,0
mz-288.12971,0
mz-289.11568,0
mz-289.11778,0
mz-289.11933,0
mz-289.11988,0
mz-289.12044,0
mz-289.12188,0
mz-289.12287,0
mz-289.12343,0
mz-289.12398,0
mz-289.12454,0
mz-289.12575,0
mz-289.12631,0
mz-290.11901,0
mz-290.12425,0
mz-290.12525,0
mz-290.12804,0
mz-290.13428,0
mz-291.12865,0
mz-294.07516,0
mz-295.1232,0
mz-296.06628,0
mz-296.08486,0
mz-296.12668,0
mz-296.14364,0
mz-297.13689,0
mz-297.13747,0
mz-297.13899,0
mz-297.14051,0
mz-297.14121,0
mz-297.14718,0
mz-297.15162,0
mz-298.12293,0
mz-298.14224,0
mz-298.14671,0
mz-298.15931,0
mz-299.13082,"{'UDP-glucuronosyltransferase', 'UGT1A1'}"
mz-299.14564,"{'Amine oxidase', 'GLDC', 'MAOB', 'MAOA', 'AOC3', 'AOC2'}"
mz-299.16271,0
mz-300.11859,0
mz-300.13852,0
mz-301.12191,0
mz-301.12636,0
mz-301.14197,0
mz-302.10017,0
mz-302.13027,0
mz-302.13197,0
mz-302.13257,0
mz-302.13426,0
mz-302.13596,0
mz-302.13656,0
mz-303.10342,0
mz-303.10561,0
mz-303.13762,0
mz-303.14212,0
mz-304.08897,0
mz-304.10906,0
mz-304.11359,0
mz-304.14092,0
mz-304.14545,0
mz-304.14986,0
mz-305.09255,0
mz-306.08626,0
mz-307.11708,0
mz-308.10494,0
mz-309.10828,0
mz-309.13891,0
mz-310.12302,0
mz-310.13423,0
mz-310.14238,0
mz-310.14672,0
mz-311.11815,0
mz-311.15034,0
mz-311.15226,0
mz-311.1529,0
mz-311.1547,0
mz-311.15624,0
mz-311.15701,0
mz-312.05893,0
mz-312.12163,0
mz-312.13867,0
mz-312.15183,0
mz-312.15803,0
mz-313.16122,0
mz-313.17019,0
mz-314.15415,0
mz-316.11572,0
mz-316.15001,0
mz-318.16563,0
mz-320.1084,0
mz-321.13898,0
mz-322.12424,0
mz-323.15458,0
mz-324.07629,0
mz-324.07894,0
mz-324.08158,0
mz-324.13863,0
mz-324.15005,0
mz-324.15798,0
mz-325.08221,0
mz-325.17015,0
mz-326.07693,0
mz-326.08553,0
mz-326.11793,0
mz-326.17372,{'CROT'}
mz-327.08045,0
mz-327.14962,0
mz-328.13352,0
mz-329.16526,"{'PTDSS1', 'GDE1', 'fatty acid amide hydrolase', 'ANXA3', 'PHOSPHO1', 'PLD4', 'PLD2', 'FAAH2', 'CHKB', 'ETNK1', 'PLD3', 'FAAH', 'PTDSS2', 'ENPP2', 'CHKA', 'ETNK2', 'PLD1'}"
mz-335.15479,0
mz-337.13398,0
mz-337.14527,0
mz-337.17027,0
mz-338.1179,0
mz-338.17364,0
mz-339.14948,0
mz-339.1859,0
mz-340.13357,0
mz-341.12878,"{'MAOB', 'ABP1', 'ALDH3A1', 'ALDH1B1', 'ALDH9A1', 'ALDH7A1', 'Amine oxidase', 'MAOA', 'ALDH3A2', 'AOC2', 'CEL', 'ALDH2', 'ALDH3B1', 'ALDH1A3', 'Aldehyde dehydrogenase', 'CBR1', 'Carbonyl reductase (NADPH)', 'AOC1', 'AOC3', 'mitochondrial', 'SMOX', 'ALDH3B2'}"
mz-342.14922,"{'SMS', 'AOC1', 'AOC3', 'ODC1', 'AMD1', 'DHPS', 'AOC2', 'ABP1'}"
mz-348.14997,0
mz-350.16571,0
mz-351.14952,0
mz-351.57111,0
mz-351.57684,0
mz-352.07843,0
mz-352.13361,0
mz-352.15283,0
mz-353.1652,0
mz-353.16818,0
mz-353.17644,0
mz-353.20156,0
mz-354.1128,0
mz-354.14918,0
mz-354.16846,0
mz-355.11611,"{'TPO', 'SDS'}"
mz-355.17191,"{'ALDH1A3', 'Aldehyde dehydrogenase', 'ALDH1B1', 'ALDH9A1', 'AOC1', 'ALDH3A2', 'ALDH7A1', 'mitochondrial', 'ABP1', 'ALDH2'}"
mz-355.19197,0
mz-356.19552,"{'TMLHE', 'Diamine acetyltransferase 1', 'MTAP', 'SLC22A4', 'CHDH', 'BBOX1', 'PDPR', 'ABP1', 'Betaine--homocysteine S-methyltransferase 1', 'HDC', 'OAZ1', 'SMS', 'ALDH9A1', 'SAT1', 'SAT2', ""S-methyl-5'-thioadenosine phosphorylase"", 'ODC1', 'PMF1', 'Glycine amidinotransferase', 'AGMAT', 'GATM', 'DMGDH', 'PAOX', 'AOC1', 'BHMT2', 'SARDH', 'AMD1', 'SMOX', 'SRM', 'BHMT'}"
mz-359.13079,0
mz-359.15471,0
mz-360.15968,0
mz-362.15427,"{'6-phosphogluconolactonase', 'SULT1A1', 'SLC13A4', 'PON3', 'G6PD', 'SULT1A2', 'SLX1B', 'UGT1A1', 'Glucose-6-phosphate 1-dehydrogenase', 'SULT1A3', 'UDP-glucuronosyltransferase', 'PGD', 'PGLS', 'SULT1A4', 'PON2', 'PON1'}"
mz-362.16557,0
mz-363.16093,0
mz-364.13349,0
mz-368.12845,0
mz-368.17603,0
mz-369.16015,0
mz-369.17947,0
mz-370.10763,0
mz-370.1441,0
mz-370.19184,0
mz-371.17565,"{'GABRR2', 'GABBR2', 'GAD2', 'UPB1', 'ABAT', 'GLUL', 'GABRG1', 'GABRR1', 'GABRQ', 'GABARAP', 'ALDH1B1', 'GABRA4', 'ALDH9A1', 'ALDH7A1', 'GABRB3', 'EARS2', 'GABRA6', 'ALDH3A2', 'CARNS1', 'GABRA1', 'GABRA2', 'GABRR3', 'EGF', '4-aminobutyrate aminotransferase', 'GABRB2', 'AGXT2', 'Glycine amidinotransferase', 'GABRB1', 'ALDH2', 'Glutamine synthetase', 'ALDH1A3', 'Aldehyde dehydrogenase', 'GABRP', 'GATM', 'GAD1', 'Glutamate decarboxylase 1', 'ADC', 'GABRG3', 'AZIN2', 'GABBR1', 'GABRA3', 'GABARAPL2', 'GABARAPL1', 'mitochondrial', 'GABRD', 'PIG59', 'GABRA5', 'GABRG2', 'GABRE'}"
mz-372.13865,0
mz-373.17158,0
mz-375.11639,0
mz-375.16225,"{'HTYF', 'HTYD', 'COFG', 'HTYA', 'HTYC', 'HTYB', 'HTYE'}"
mz-377.14525,0
mz-377.17653,0
mz-379.16093,0
mz-380.12854,0
mz-381.17134,0
mz-382.14402,0
mz-382.17459,0
mz-383.14755,0
mz-384.12332,0
mz-389.16496,0
mz-390.14928,0
mz-390.16864,0
mz-391.12097,0
mz-391.15258,"{'PTGER1', 'Prostaglandin-H2 D-isomerase', 'TBXA2R', 'PTGDR', 'PTGES2', 'CELF2', 'PTGER2', 'CBR3', 'PTGDS', 'HPGDS', 'SLCO1B1', 'PTGES3', 'HPGD', 'PTGS1', 'CYP4F22', 'PTGES', 'TBXAS1', 'PTGER3', 'PTGER4', 'Thromboxane-A synthase', 'CBR1', 'CYP4F8', 'PTGIR', 'CYP4F11', 'PTGIS', 'Carbonyl reductase (NADPH)', 'SLC22A7', 'CYP4F2', 'CYP4F3', 'PTGS2'}"
mz-392.12418,"{'Catechol O-methyltransferase', 'TOMT', 'LRTOMT', 'COMT'}"
mz-393.12703,"{'GGT6', 'SLC6A6', 'GAD1', 'GAD2', 'Glutamate decarboxylase 1', 'Glutathione hydrolase', 'GGT7', 'BAAT', 'GGT5', 'GLRA1', 'GGT1', 'CSAD'}"
mz-393.16,0
mz-394.00913,0
mz-394.1305,0
mz-394.1554,0
mz-394.19183,0
mz-395.0169,0
mz-395.18688,0
mz-395.19515,0
mz-396.01675,0
mz-396.01924,0
mz-396.0209,0
mz-396.02194,0
mz-396.02464,0
mz-396.02838,0
mz-396.02963,0
mz-396.03067,0
mz-396.12315,0
mz-396.20735,0
mz-397.02209,0
mz-397.02815,0
mz-397.03212,0
mz-397.15494,"{'GABBR1', 'mitochondrial', '4-aminobutyrate aminotransferase', 'ABAT'}"
mz-398.03129,0
mz-398.13898,0
mz-398.1583,0
mz-399.14248,0
mz-399.15071,0
mz-399.18195,"{'IARS2', 'IL4I1', 'SLC7A8', 'BCAT2', 'Short/branched chain specific acyl-CoA dehydrogenase', 'BCAT1', 'LARS1', 'LCMT1', 'mitochondrial', 'LCMT2', 'ACADSB', 'IARS1', 'SLC3A2', 'IARS', 'LARS', 'LARS2', 'SLC16A10'}"
mz-400.18521,0
mz-401.17752,0
mz-403.18066,0
mz-404.1509,0
mz-404.16475,"{'ALDH1A3', 'Amine oxidase', 'AOC3', 'MAOB', 'MAOA', 'ALDH3B2', 'AOC2', 'ALDH3A1', 'ALDH3B1'}"
mz-404.18423,0
mz-405.1367,0
mz-405.9681,0
mz-407.14256,0
mz-408.02478,0
mz-408.12338,0
mz-408.14611,0
mz-409.13156,"{'ENPP6', 'PCYT2', 'ETNPPL', 'AGXT2L1', 'PHOSPHO1', 'SGPL1', 'HRASLS2', 'ETNK1', 'CHKB', 'ETNK2', 'PLAAT2', 'CHKA'}"
mz-410.04025,0
mz-410.13493,0
mz-410.13894,0
mz-411.04383,0
mz-411.14234,0
mz-411.17055,0
mz-412.11825,0
mz-412.17405,0
mz-413.10311,0
mz-413.19762,0
mz-413.27046,"{'TMLHE', 'Diamine acetyltransferase 1', 'MTAP', 'SLC22A4', 'CHDH', 'BBOX1', 'DHPS', 'ACAA2', 'PDPR', 'Betaine--homocysteine S-methyltransferase 1', 'HDC', 'OAZ1', 'SMS', 'ALDH9A1', 'SAT1', 'PCCA', 'AILE3', ""S-methyl-5'-thioadenosine phosphorylase"", 'ODC1', 'SLC22A1', 'PMF1', 'Glycine amidinotransferase', 'AGMAT', 'TXNRD1', 'GATM', 'DMGDH', 'PAOX', 'BHMT2', 'SARDH', 'AMD1', 'SMOX', 'SRM', 'BHMT'}"
mz-414.01524,0
mz-414.18174,"{'QRSL1', 'NSD3', 'GLYATL1', 'GLS', 'GLS2', 'MLL2', 'PLOD3', 'KMT2D', 'ASNS', 'KYAT1', 'GLUL', 'QARS1', 'WHSC1', 'TGM4', 'CTPS2', 'PET112', 'SETD7', 'KMT2C', 'TGM5', 'TGM6', 'BTD', 'MLL3', 'QARS', 'Amidophosphoribosyltransferase', 'PFAS', 'SETD2', 'KDM2B', 'NSD1', 'GATC', 'kyneurenine aminotransferase)', 'WHSC1L1', 'PPAT', 'TGM3', 'KMT2B', 'CTPS1', 'CCBL1', 'glutamine--fructose-6-phosphate transaminase (isomerizing)', 'TGM1', 'EHMT2', 'SLC16A10', 'KMT2A', 'KARS1', 'isoform CRA_a', 'GFPT1', 'AASS', 'SLC7A8', 'EHMT1', 'TGM2', 'PRDM2', 'MLL', 'TGM7', 'CARNS1', 'WBP7', 'Cysteine conjugate-beta lyase cytoplasmic (Glutamine transaminase K', 'GFPT2', 'Histone-lysine N-methyltransferase EZH2', 'DOT1L', 'GATB', 'SLC38A3', 'Glutamine synthetase', 'F13A1', 'CAD', 'KDM2A', 'NSD2', 'KARS', 'SLC1A5', 'EZH2', 'PIG59', 'SETDB1', 'PLOD2', 'NADSYN1', 'PLOD1', 'GMPS'}"
mz-415.01855,0
mz-415.10892,0
mz-416.02214,0
mz-416.11226,0
mz-417.19262,0
mz-419.12742,0
mz-419.18816,"{'Purine nucleoside phosphorylase', 'GDA', 'PNP', 'QTRT2', 'QTRT1', 'GNAI1', 'QTRTD1', 'APRT', 'Hypoxanthine phosphoribosyltransferase', 'GCH1', 'HPRT1', 'GNAS', 'GNAQ'}"
mz-420.19147,"{'MAOB', 'UGT1A1', 'ABP1', 'SULT1A4', 'ALDH3A1', 'PON1', 'Amine oxidase', 'PON3', 'MAOA', 'SULT1A3', 'AOC2', 'PON2', 'ALDH3B1', 'ALDH1A3', 'SLX1B', 'AOC1', 'AOC3', 'HPD', 'UDP-glucuronosyltransferase', 'ALDH3B2'}"
mz-421.19136,"{'MAOB', 'DRD3', 'dopamine D4 receptor', 'ABP1', 'Catechol O-methyltransferase', 'CADPS2', 'DBH', 'CYP2C19', 'Amine oxidase', 'SLC22A5', 'COMT', 'CYP1A2', 'MAOA', 'Tyrosinase', 'SLC22A1', 'AOC2', 'SLC22A2', 'SLC22A3', 'DRD5', 'CADPS', 'TYR', 'CYP2C9', 'AOC1', 'AOC3', 'CALY', 'DRD1', 'DRD2', 'DRD4', 'DDC', 'CYP2D6', 'SLC6A3'}"
mz-422.13913,"{'Catechol O-methyltransferase', 'AOX1', 'GLYAT', 'COMT', 'SLX1B', 'UGT1A1', 'SULT1A3', 'UDP-glucuronosyltransferase', 'SULT1A4', 'Glycine N-acyltransferase-like protein'}"
mz-422.19485,0
mz-423.14738,0
mz-423.18201,"{'UDP-glucuronosyltransferase', 'UGT1A1'}"
mz-426.12352,0
mz-426.12472,0
mz-426.12809,0
mz-426.13386,0
mz-426.1394,0
mz-427.13255,0
mz-427.13472,0
mz-427.13738,0
mz-427.14125,0
mz-428.03105,0
mz-428.13762,0
mz-428.14054,0
mz-428.14952,{'DHDH'}
mz-429.0767,0
mz-429.14134,0
mz-429.14378,0
mz-429.1528,0
mz-430.01011,0
mz-430.08017,0
mz-430.16497,0
mz-431.0758,0
mz-431.07728,0
mz-431.07851,0
mz-431.08294,0
mz-431.08737,0
mz-431.16838,0
mz-432.08074,0
mz-432.08346,0
mz-432.08618,0
mz-432.2324,0
mz-433.07846,0
mz-433.08094,0
mz-433.08939,0
mz-433.23603,0
mz-434.08204,0
mz-434.08453,0
mz-435.11084,0
mz-435.20692,"{'Catechol O-methyltransferase', 'Amine oxidase', 'COMT', 'MAOA', 'MAOB'}"
mz-436.18133,"{'GLYAT', 'MAOB', 'UGT1A1', 'ADH1B', 'SULT1A4', 'ALDH3A1', 'Catechol O-methyltransferase', 'ADH5', 'ADH6', 'ADH4', 'S-(hydroxymethyl)glutathione dehydrogenase', 'Amine oxidase', 'COMT', 'MAOA', 'SULT1A3', 'ADH7', 'ADH1A', 'ALDH3B1', 'ALDH1A3', 'SLX1B', 'ADH1C', 'UDP-glucuronosyltransferase', 'ALDH3B2', 'Glycine N-acyltransferase-like protein'}"
mz-437.09076,0
mz-438.01315,0
mz-439.06708,0
mz-440.14945,0
mz-443.13675,0
mz-444.14443,0
mz-444.20715,"{'HTR1E', 'HTR3A', 'MAOB', 'SP1', 'HTR1F', 'METTL6', 'WBSCR22', 'HTR1A', 'HTR4', 'IDO1', 'SLC6A4', 'HTR1D', 'AKR1C3', 'AANAT', 'HTR2A', 'HTR5A', 'PRMT3', 'HEMK1', 'INMT', 'BUD23', 'Amine oxidase', 'Serotonin N-acetyltransferase', 'MAOA', 'IDO2', 'METTL2B', 'HTR7', 'HTR2B', 'HTR1B', 'DDC', 'HTR3B'}"
mz-445.09869,0
mz-445.14777,0
mz-445.21078,0
mz-446.19046,0
mz-446.23451,0
mz-447.19408,"{'HMGCR', 'Ras-related C3 botulinum toxin substrate 1', 'RAC1', 'ABCC2', 'CYP2C9', 'PGGT1B', 'SLCO1B1'}"
mz-448.1756,0
mz-449.17775,0
mz-449.1863,0
mz-449.19753,0
mz-450.17016,0
mz-450.18117,0
mz-450.18976,0
mz-450.20104,0
mz-451.17856,0
mz-451.21308,0
mz-452.21235,0
mz-453.06455,0
mz-453.21578,0
mz-453.98657,0
mz-454.06822,0
mz-454.19198,0
mz-454.9905,0
mz-458.16003,0
mz-459.16353,0
mz-462.18557,"{'METTL2B', 'METTL6', 'HEMK1', 'WBSCR22', 'BUD23'}"
mz-463.1889,0
mz-464.08957,0
mz-464.18117,"{'SLX1B', 'UGT1A1', 'Peroxiredoxin-6', 'SULT1A3', 'UDP-glucuronosyltransferase', 'PRDX6', 'SULT1A4'}"
mz-469.03851,0
mz-469.04201,0
mz-469.1761,0
mz-469.18894,0
mz-470.04199,0
mz-471.03683,0
mz-471.17178,0
mz-472.21336,0
mz-473.97299,0
mz-476.20825,0
mz-477.1923,0
mz-478.32949,0
mz-479.20822,"{'ABP1', 'AOC2', 'AOC1', 'AOC3'}"
mz-480.17509,"{'MMP9', 'SLC22A6', 'SLC22A7', 'CASP1', 'IL1B', 'SLC22A11', 'ALOX5', 'VEGFA', 'CYCS'}"
mz-482.10025,0
mz-482.19078,0
mz-483.10387,0
mz-489.94697,0
mz-490.22409,0
mz-494.19035,0
mz-494.21882,"{'(REFSEQ) CARNOSINE N-METHYLTRANSFERASE 2', 'CARNMT1'}"
mz-495.19399,0
mz-495.20244,"{'UCKL1', 'NT5C1A', 'NT5M', 'NT5C3A', 'NT5C1B', 'CDA', 'APOBEC3G', 'Deoxynucleoside kinase', 'NT5C3', 'AICDA', 'NT5C2', 'NT5E', ""5'-nucleotidase"", 'NT5C', ""Cytosolic purine 5'-nucleotidase"", 'DCK', 'AID'}"
mz-496.20629,"{'CES1', 'SLX1B', 'UGT1A1', 'SULT1A3', 'SIRT1', 'UDP-glucuronosyltransferase', 'SULT1A4'}"
mz-497.19882,0
mz-497.20963,0
mz-497.2188,0
mz-498.15523,0
mz-498.21309,0
mz-500.20106,0
mz-501.12015,0
mz-502.18624,0
mz-503.19717,0
mz-504.21722,0
mz-506.19069,0
mz-507.18579,0
mz-508.1937,0
mz-508.20601,0
mz-508.23441,"{'CNDP1', 'CARNS1'}"
mz-509.2015,0
mz-509.21386,0
mz-510.21779,"{'UDP-glucuronosyltransferase', 'UGT1A1'}"
mz-510.22192,0
mz-511.17998,0
mz-513.20914,0
mz-514.19702,0
mz-516.16553,0
mz-516.21283,0
mz-518.26941,0
mz-518.30606,0
mz-519.18582,0
mz-519.24045,0
mz-519.27296,0
mz-520.19005,0
mz-520.19364,0
mz-521.19566,0
mz-521.20106,0
mz-521.20538,0
mz-521.92139,0
mz-522.20481,0
mz-522.20914,0
mz-523.19285,0
mz-523.19829,0
mz-523.20336,0
mz-523.20626,0
mz-523.20989,0
mz-523.21714,0
mz-523.22258,0
mz-523.22403,0
mz-523.22585,0
mz-523.23274,0
mz-523.23419,0
mz-524.20138,0
mz-524.20502,0
mz-524.20647,0
mz-524.20866,0
mz-524.21011,0
mz-524.21193,0
mz-524.21594,0
mz-524.21739,0
mz-524.22067,0
mz-524.22395,0
mz-524.22649,0
mz-525.17653,0
mz-525.21928,0
mz-525.22367,0
mz-525.22769,0
mz-525.23134,0
mz-526.18026,0
mz-526.18429,0
mz-526.22721,0
mz-527.19225,0
mz-527.20477,0
mz-528.19594,"{'UDP-glucuronosyltransferase', 'UGT1A1'}"
mz-529.19048,"{'UGT1A9', 'UGT2B7', 'GUSB', 'UGT2B11', 'UGT1A1', 'UGT1A4', 'UDP-glucuronosyltransferase', 'UGT2B4', 'UGT1A6'}"
mz-530.19399,0
mz-531.09293,0
mz-531.18598,0
mz-532.09617,0
mz-533.20148,0
mz-534.20893,0
mz-535.20273,0
mz-535.20653,0
mz-535.20994,0
mz-535.21677,0
mz-535.22095,0
mz-535.22247,0
mz-535.22436,0
mz-536.03577,0
mz-536.19339,0
mz-536.20406,0
mz-536.21015,0
mz-536.21167,0
mz-536.21358,0
mz-536.21586,0
mz-536.22043,0
mz-536.22577,0
mz-537.19651,0
mz-537.21448,0
mz-537.21792,0
mz-537.22442,0
mz-537.22977,0
mz-537.23245,0
mz-537.23666,0
mz-537.23818,0
mz-537.2401,0
mz-538.18421,0
mz-538.22796,0
mz-538.23141,0
mz-538.23601,0
mz-538.241,0
mz-539.19172,0
mz-539.21175,0
mz-539.21599,0
mz-539.23448,0
mz-539.2391,0
mz-539.24449,0
mz-539.24834,0
mz-540.19567,0
mz-540.19954,0
mz-540.21538,0
mz-540.22776,0
mz-540.24477,0
mz-540.24747,0
mz-540.25134,0
mz-541.17038,0
mz-541.19133,0
mz-541.19289,0
mz-541.19521,0
mz-541.19909,0
mz-541.20763,0
mz-541.21306,0
mz-541.215,0
mz-541.21772,0
mz-541.22237,0
mz-541.22625,0
mz-541.22781,0
mz-542.19418,0
mz-542.19807,0
mz-542.20275,0
mz-542.20625,0
mz-542.21093,0
mz-542.21716,0
mz-542.2339,0
mz-543.20974,0
mz-543.21443,0
mz-543.22225,0
mz-544.21812,0
mz-544.22676,0
mz-545.18262,0
mz-545.22987,0
mz-546.19795,0
mz-547.20161,0
mz-547.21707,0
mz-548.22488,0
mz-549.09578,0
mz-549.23241,0
mz-550.2276,0
mz-550.23562,0
mz-550.24124,0
mz-551.21192,0
mz-551.23205,0
mz-551.23527,0
mz-551.23688,0
mz-551.2409,0
mz-551.24372,0
mz-551.24815,0
mz-551.25217,0
mz-551.25419,0
mz-551.2562,0
mz-551.26183,0
mz-552.19977,0
mz-552.21471,0
mz-552.21956,0
mz-552.23572,0
mz-552.23895,0
mz-552.2434,0
mz-552.24744,0
mz-552.25107,0
mz-552.25552,0
mz-552.25754,0
mz-553.19116,0
mz-553.20778,0
mz-553.21143,0
mz-553.22076,0
mz-553.22278,0
mz-553.22724,0
mz-553.2313,0
mz-553.23333,0
mz-553.24225,0
mz-553.24671,0
mz-553.25076,0
mz-553.25441,0
mz-553.25927,0
mz-553.26333,0
mz-554.04133,0
mz-554.0458,0
mz-554.05027,0
mz-554.0519,0
mz-554.21053,0
mz-554.21582,0
mz-554.226,0
mz-554.23047,0
mz-554.23576,0
mz-554.25041,0
mz-554.25774,0
mz-554.2671,0
mz-555.04915,0
mz-555.1863,"{'Catechol O-methyltransferase', 'UDP-glucuronosyltransferase', 'UGT1A1', 'COMT'}"
mz-555.18875,0
mz-555.19774,0
mz-555.19937,0
mz-555.20182,0
mz-555.20345,0
mz-555.20713,0
mz-555.21121,0
mz-555.21529,0
mz-555.22305,0
mz-555.22673,0
mz-555.22918,0
mz-555.23285,0
mz-555.23694,0
mz-555.24265,0
mz-555.24756,0
mz-555.25327,0
mz-555.26226,0
mz-555.27206,0
mz-556.05285,0
mz-556.19502,0
mz-556.20485,0
mz-556.21059,0
mz-556.21305,0
mz-556.21551,0
mz-556.21796,0
mz-556.22206,0
mz-556.22657,0
mz-556.23231,0
mz-556.23518,0
mz-556.24583,0
mz-557.18519,0
mz-557.19753,0
mz-557.20205,0
mz-557.20658,0
mz-557.22344,0
mz-557.23002,0
mz-557.23414,0
mz-557.23866,0
mz-557.24277,0
mz-557.24483,0
mz-557.24771,0
mz-558.17395,0
mz-558.18881,0
mz-558.20573,0
mz-558.22843,0
mz-558.2338,0
mz-558.2371,0
mz-558.24205,0
mz-558.24618,0
mz-558.24825,0
mz-559.18113,0
mz-559.1977,0
mz-559.20888,0
mz-559.218,0
mz-559.23664,0
mz-559.24534,0
mz-559.2499,0
mz-560.2011,0
mz-560.20567,0
mz-560.24891,0
mz-561.17974,0
mz-561.20936,0
mz-562.1932,0
mz-562.21288,0
mz-562.25894,0
mz-563.22252,0
mz-564.22525,0
mz-564.24338,0
mz-565.24679,0
mz-565.25102,0
mz-565.26329,0
mz-566.25887,0
mz-566.26694,0
mz-567.20638,0
mz-567.223,0
mz-567.24261,0
mz-567.26221,0
mz-568.22678,0
mz-568.24603,0
mz-568.25116,0
mz-568.25544,0
mz-569.20536,0
mz-569.21265,0
mz-569.21609,0
mz-569.22252,0
mz-569.22639,0
mz-569.22939,0
mz-569.23841,0
mz-569.25386,0
mz-569.25858,0
mz-570.19765,0
mz-570.21574,0
mz-570.2209,0
mz-570.22564,0
mz-570.23167,0
mz-570.24158,0
mz-570.25364,0
mz-570.26183,0
mz-571.1934,0
mz-571.21804,0
mz-571.22452,0
mz-571.22928,0
mz-571.23792,0
mz-571.24224,0
mz-571.24397,0
mz-571.24743,0
mz-571.25435,0
mz-572.18961,0
mz-572.21346,0
mz-572.22084,0
mz-572.22561,0
mz-572.23385,0
mz-572.24122,0
mz-572.24556,0
mz-572.25727,0
mz-573.18929,0
mz-573.1919,0
mz-573.19713,0
mz-573.20235,0
mz-573.2054,0
mz-573.21454,0
mz-573.21671,0
mz-573.22107,0
mz-573.22368,0
mz-573.22672,0
mz-573.23369,0
mz-573.23761,0
mz-573.23978,0
mz-573.24283,0
mz-573.24718,0
mz-573.26024,0
mz-573.27069,0
mz-574.19597,0
mz-574.20078,0
mz-574.20471,0
mz-574.22262,0
mz-574.22829,0
mz-574.23222,0
mz-574.23659,0
mz-574.2414,0
mz-574.24314,0
mz-574.24577,0
mz-574.24926,0
mz-574.25101,0
mz-575.19567,0
mz-575.204,0
mz-575.21321,0
mz-575.22373,0
mz-575.22899,0
mz-575.23556,0
mz-575.23994,0
mz-575.24477,0
mz-575.2474,0
mz-576.19535,0
mz-576.20018,0
mz-576.20502,0
mz-576.20898,0
mz-576.21118,0
mz-576.21646,"{'UDP-glucuronosyltransferase', 'UGT1A1'}"
mz-576.22437,0
mz-576.23229,0
mz-576.23845,0
mz-576.24285,0
mz-576.25165,0
mz-577.10936,0
mz-577.19144,0
mz-577.23557,0
mz-577.24661,0
mz-577.51864,0
mz-578.21224,0
mz-578.23084,0
mz-578.23969,0
mz-578.25874,0
mz-579.26198,0
mz-580.21475,0
mz-580.21743,0
mz-580.23839,0
mz-580.26515,0
mz-581.19974,0
mz-582.2029,0
mz-582.23388,0
mz-582.25364,"{'LYPLA2', 'LPCAT2', 'PLA2G4A', 'PLA2G4B', 'PLA2G1B', 'JMJD7', '1-alkyl-2-acetylglycerophosphocholine esterase', 'Acyl-protein thioesterase 1', 'PLA2G2E', 'LPCAT1', 'LCAT', 'PAFAH1B2', 'PLA2G2D', 'PLA2G6', 'ASPG', 'LYPLA1', 'JMJD7-PLA2G4B', 'PLA2G2F', 'PLA2G15', 'PLA2G5', 'PLB1', 'PLA2G12B', 'PLA2G7', 'PLA2G10', 'LPCAT3', 'CLC', 'PLA2G3', 'PAFAH2', 'Phosphatidylcholine-sterol acyltransferase', 'PAFAH1B3'}"
mz-583.20141,0
mz-583.23791,0
mz-584.24134,0
mz-584.24948,0
mz-585.21011,0
mz-585.21193,0
mz-585.21692,0
mz-585.22191,0
mz-585.25322,0
mz-586.22035,0
mz-587.21215,0
mz-587.22402,0
mz-587.23224,0
mz-587.23864,0
mz-587.24869,0
mz-588.21556,0
mz-588.2206,0
mz-588.25223,0
mz-589.19205,0
mz-589.21091,0
mz-589.22332,0
mz-589.22792,0
mz-589.24494,0
mz-590.19486,0
mz-590.21332,0
mz-590.23178,0
mz-591.20758,0
mz-593.21922,0
mz-594.22317,0
mz-594.24329,0
mz-594.25358,0
mz-595.22677,0
mz-595.26197,0
mz-596.24931,0
mz-596.26579,0
mz-596.27003,0
mz-597.17331,0
mz-597.24465,0
mz-597.273,0
mz-599.23249,0
mz-600.2006,0
mz-600.24164,0
mz-601.21158,0
mz-602.2154,0
mz-603.21873,0
mz-603.22788,0
mz-604.22927,0
mz-604.23314,0
mz-605.18692,0
mz-605.22379,0
mz-606.19044,0
mz-606.23912,0
mz-607.2393,"{'UGT1A9', 'UGT2B7', 'UGT1A1', 'UGT1A8', 'UGT1A10', 'SLCO1B3', 'SLCO1B1', 'SLCO1A2', 'UGT2B17', 'UGT2B15', 'UGT2A3', 'UGT2B28', 'UGT1A5', 'UGT2A2', 'SLC10A2', 'GUSB', 'ABCB11', 'ABCC3', 'SLCO4A1', 'UGT2B4', 'UGT1A6', 'SLC10A1', 'UGT2B11', 'UGT1A7', 'UGT2A1', 'UGT1A4', 'FABP6', 'UGT1A3', 'UDP-glucuronosyltransferase'}"
mz-608.28053,0
mz-609.19355,0
mz-609.20092,0
mz-610.1966,0
mz-611.19159,0
mz-611.20049,0
mz-611.98932,0
mz-612.19528,0
mz-616.17181,0
mz-617.20708,"{'GSTT2B', 'GSTM4', 'Glutathione S-transferase', 'MGST3', 'GSTM5', 'GSTA2', 'GSTO1', 'GSTT2', 'MGST2', 'GSTA1', 'GSTT1', 'GSTP1', 'GSTO2', 'Glutathione S-transferase kappa', 'MGST1', 'LOC51064', 'GSTA4', 'GSTM2', 'Glutathione S-transferase omega', 'GSTM3', 'GSTA5', 'GSTA3', 'GSTK1', 'GSTM1'}"
mz-618.25343,0
mz-619.2571,0
mz-620.26914,0
mz-620.27321,0
mz-620.28035,0
mz-621.27272,0
mz-621.28397,0
mz-622.27135,0
mz-622.27648,0
mz-622.28469,0
mz-622.29085,0
mz-622.29598,0
mz-622.30111,0
mz-623.23307,0
mz-623.29893,0
mz-624.27776,0
mz-624.30255,0
mz-630.26486,0
mz-630.32117,0
mz-631.23721,"{'NQO1', 'UGT1A1', 'AKR1C2', 'DHDH', 'SULT1A4', 'Catechol O-methyltransferase', 'AKR1C1', 'AKR1C3', 'LRTOMT', 'PON1', 'NQO2', 'COMT', 'PON3', 'Tyrosinase', 'SULT1A3', 'PON2', 'AKR1C4', 'TYR', 'SLX1B', 'UDP-glucuronosyltransferase', 'TOMT'}"
mz-631.26782,0
mz-631.32431,0
mz-633.19358,0
mz-634.25971,0
mz-635.23268,0
mz-635.26368,0
mz-636.31159,0
mz-638.24725,0
mz-639.22816,0
mz-644.24537,0
mz-644.28056,0
mz-645.24813,"{'NQO1', 'UGT1A1', 'AKR1C2', 'DHDH', 'SULT1A4', 'Catechol O-methyltransferase', 'AKR1C1', 'AKR1C3', 'LRTOMT', 'PON1', 'NQO2', 'COMT', 'PON3', 'Tyrosinase', 'SULT1A3', 'PON2', 'AKR1C4', 'TYR', 'SLX1B', 'UDP-glucuronosyltransferase', 'TOMT'}"
mz-646.26729,0
mz-646.29606,0
mz-647.0977,0
mz-648.10102,0
mz-648.11271,0
mz-648.1166,0
mz-648.27522,0
mz-649.11248,0
mz-649.27885,0
mz-650.11646,0
mz-650.12262,0
mz-650.28223,0
mz-650.29119,0
mz-651.11962,0
mz-651.22691,0
mz-652.23125,0
mz-655.19584,0
mz-656.26951,0
mz-657.23969,0
mz-657.25343,0
mz-657.27288,0
mz-661.11279,0
mz-662.11652,0
mz-662.24721,0
mz-662.29137,0
mz-663.12213,0
mz-663.12854,0
mz-663.13495,0
mz-663.2404,0
mz-663.25089,0
mz-663.94681,0
mz-664.13139,0
mz-664.1384,0
mz-665.13552,0
mz-665.14431,0
mz-666.14857,0
mz-666.28557,0
mz-667.1034,0
mz-667.16059,0
mz-667.25907,0
mz-667.28856,0
mz-668.10708,0
mz-668.16385,0
mz-668.28097,0
mz-669.28464,0
mz-670.28419,0
mz-671.23301,0
mz-671.28852,0
mz-672.26473,0
mz-673.24799,"{'AOX1', 'ALDH1A3', 'Amine oxidase', 'AOC1', 'AOC3', 'MAOB', 'MAOA', 'ALDH3B2', 'AOC2', 'ABP1', 'ALDH3A1', 'ALDH3B1'}"
mz-674.2522,0
mz-674.26665,0
mz-674.26906,0
mz-674.2805,"{'MAOB', 'DRD3', 'dopamine D4 receptor', 'ABP1', 'Catechol O-methyltransferase', 'CADPS2', 'DBH', 'CYP2C19', 'Amine oxidase', 'SLC22A5', 'COMT', 'CYP1A2', 'MAOA', 'Tyrosinase', 'SLC22A1', 'AOC2', 'SLC22A2', 'SLC22A3', 'DRD5', 'CADPS', 'TYR', 'CYP2C9', 'AOC1', 'AOC3', 'CALY', 'DRD1', 'DRD2', 'DRD4', 'DDC', 'CYP2D6', 'SLC6A3'}"
mz-674.28592,0
mz-674.28833,0
mz-675.25457,"{'Catechol O-methyltransferase', 'AOX1', 'GLYAT', 'COMT', 'SLX1B', 'UGT1A1', 'SULT1A3', 'UDP-glucuronosyltransferase', 'SULT1A4', 'Glycine N-acyltransferase-like protein'}"
mz-675.27269,0
mz-675.27511,0
mz-675.28296,0
mz-675.28961,0
mz-675.29202,0
mz-676.2357,0
mz-676.28598,0
mz-676.29265,0
mz-677.14496,0
mz-677.23912,0
mz-677.28956,0
mz-678.14804,0
mz-678.23151,0
mz-678.24187,0
mz-679.22193,0
mz-679.23476,0
mz-679.24515,0
mz-680.22689,0
mz-680.22995,0
mz-680.23731,0
mz-680.24344,0
mz-680.30167,0
mz-680.37402,"{'TMLHE', 'Diamine acetyltransferase 1', 'MTAP', 'SLC22A4', 'CHDH', 'BBOX1', 'DHPS', 'ACAA2', 'PDPR', 'Betaine--homocysteine S-methyltransferase 1', 'HDC', 'OAZ1', 'SMS', 'ALDH9A1', 'SAT1', 'PCCA', 'AILE3', ""S-methyl-5'-thioadenosine phosphorylase"", 'ODC1', 'SLC22A1', 'PMF1', 'Glycine amidinotransferase', 'AGMAT', 'TXNRD1', 'GATM', 'DMGDH', 'PAOX', 'BHMT2', 'SARDH', 'AMD1', 'SMOX', 'SRM', 'BHMT'}"
mz-681.10329,0
mz-681.11988,0
mz-681.13955,0
mz-681.24097,0
mz-681.30491,0
mz-681.37809,0
mz-682.12245,0
mz-682.14279,0
mz-682.23342,0
mz-682.24328,0
mz-682.30864,0
mz-683.13478,0
mz-683.14096,0
mz-683.2535,0
mz-684.13772,0
mz-684.17182,0
mz-684.2971,0
mz-685.14361,0
mz-685.15045,0
mz-685.15729,0
mz-686.1537,0
mz-686.15994,0
mz-687.1574,0
mz-688.16153,0
mz-688.29517,0
mz-688.39497,0
mz-689.29822,0
mz-690.27454,"{'MAOB', 'UGT1A1', 'ADRB2', 'ADRA1B', 'ADRA2A', 'NET', 'SULT1A4', 'Catechol O-methyltransferase', 'ADRB1', 'SLC6A2', 'ADRA2B', 'DBH', 'Amine oxidase', 'SLC22A5', 'COMT', 'ADRB3', 'CYP1A2', 'MAOA', 'SLC22A3', 'SLC22A1', 'SLC22A2', 'SULT1A3', 'PAH', 'PNMT', 'ADRA2C', 'ADRA1D', 'SLX1B', 'SYT5', 'ADRA1A', 'GK', 'UDP-glucuronosyltransferase'}"
mz-690.30231,0
mz-691.23906,0
mz-691.27831,0
mz-693.23733,0
mz-694.24144,0
mz-694.24719,0
mz-694.25357,0
mz-695.11915,0
mz-695.25359,0
mz-696.25713,0
mz-697.15089,0
mz-697.22494,0
mz-697.23266,0
mz-697.2391,0
mz-697.30673,0
mz-698.15475,0
mz-698.18704,0
mz-698.23612,0
mz-698.24258,0
mz-698.24839,0
mz-698.31104,0
mz-698.38404,0
mz-698.49196,"{'Heme oxygenase', 'NQO1', 'Glutathione S-transferase', 'GSTA2', 'SEC14L3', 'SPTLC1', 'NR1I2', 'Protein kinase C', 'GSTO1', 'Superoxide dismutase [Cu-Zn]', 'GSTP1', 'TTPA', 'ALOX5', 'Glutathione S-transferase omega', 'PPP2CB', 'PRKCA', 'PPP2CA', 'HMOX1', 'GCLC', 'GSTM3', 'SOD1', 'Serine/threonine-protein phosphatase', 'PRKCB', 'SEC14L4', 'Glutamate--cysteine ligase', 'DGKA'}"
mz-699.13044,0
mz-699.16605,0
mz-699.22822,0
mz-699.23923,0
mz-699.25154,0
mz-699.32214,0
mz-699.49516,"{'CDS1', 'ATP8A1', 'DGKK', 'PDE4D', 'ATP10A', '1-acyl-sn-glycerol-3-phosphate acyltransferase', 'PPAPDC3', 'PLPP1', 'Acylglycerol kinase', 'Diacylglycerol kinase', 'AGK', 'ATP10B', 'PLPP5', 'AGAP2', 'PPAPDC2', 'AGPAT2', 'DDHD2', 'PLPPR5', 'PPAP2A', 'DGKB', 'PLCD3', 'ATP8B4', 'DDHD1', 'GPLD1', 'PPAPDC1B', 'PLTP', 'RAB11FIP2', 'OSBPL1A', 'CDS2', 'ATP9A', 'DGKE', 'LCLAT1', 'DGKG', 'DGKH', 'GPAT4', 'LIPI', 'DGKZ', 'PPAP2B', 'ATP8B2', 'PPAP2C', 'AGPAT4', 'ACAP1', 'AGPAT6', 'LPPR4', 'ATP8B3', 'OSBPL2', 'PLPP6', 'AGPAT5', 'FLJ10842', 'ATP8B1', 'NAPEPLD', 'LPPR5', 'DGKQ', 'ATP11B', 'ATP11C', 'PLPP2', 'Phosphodiesterase', 'ATP11A', 'ACAP2', 'PPAPDC1A', 'AGPAT3', 'PLPP4', 'DGKD', 'AGAP1', 'MOGAT2', 'PLPPR4', 'PLD2', 'mitochondrial', 'ATP10D', 'DGKI', 'ATP8A2', 'LIPH', 'PLPP3', 'AGPAT1', 'DGKA'}"
mz-700.13222,0
mz-700.16924,0
mz-700.22314,0
mz-700.23159,0
mz-700.32578,0
mz-700.49929,0
mz-701.12582,0
mz-701.22676,"{'Catechol O-methyltransferase', 'COMT', 'SLX1B', 'UGT1A1', 'SULT1A3', 'UDP-glucuronosyltransferase', 'SULT1A4'}"
mz-701.29191,0
mz-701.31536,0
mz-702.2202,0
mz-702.31101,0
mz-702.3195,0
mz-703.10053,0
mz-703.11559,0
mz-703.12083,0
mz-703.12607,0
mz-703.13,0
mz-703.13393,0
mz-703.14113,0
mz-703.14768,0
mz-703.15096,0
mz-703.15423,0
mz-703.15947,0
mz-703.17781,0
mz-704.11833,0
mz-704.12293,0
mz-704.1295,0
mz-704.13475,0
mz-704.14395,0
mz-704.15051,0
mz-704.1538,0
mz-704.15642,0
mz-704.16299,0
mz-704.16562,0
mz-704.24116,0
mz-704.30227,0
mz-705.13974,0
mz-705.14765,0
mz-705.15489,0
mz-705.30642,0
mz-706.15091,0
mz-706.27974,0
mz-707.15372,0
mz-708.28762,0
mz-708.29626,0
mz-709.09731,0
mz-711.23717,0
mz-711.24052,0
mz-711.24789,0
mz-711.25459,0
mz-711.25794,0
mz-711.31089,"{'HTR1E', 'HTR3A', 'MAOB', 'SP1', 'HTR1F', 'METTL6', 'WBSCR22', 'HTR1A', 'HTR4', 'IDO1', 'SLC6A4', 'HTR1D', 'AKR1C3', 'AANAT', 'HTR2A', 'HTR5A', 'PRMT3', 'HEMK1', 'INMT', 'BUD23', 'Amine oxidase', 'Serotonin N-acetyltransferase', 'MAOA', 'IDO2', 'METTL2B', 'HTR7', 'HTR2B', 'HTR1B', 'DDC', 'HTR3B'}"
mz-712.16042,0
mz-712.24374,0
mz-712.25113,0
mz-712.25852,0
mz-712.31498,0
mz-713.16489,0
mz-713.24507,0
mz-713.25451,0
mz-713.26394,0
mz-713.45134,"{'DGKK', 'PLPP1', 'Diacylglycerol kinase', 'PLPPR5', 'PPAP2A', 'ATP8B4', 'DDHD1', 'GPLD1', 'OSBPL1A', 'ACP6', 'DGKE', 'PTK2', 'GPAT4', 'LPAR6', 'PPAP2C', 'AGPAT6', 'LPPR4', 'PLPP6', 'ATP11A', 'ACAP2', 'AGPAT3', 'LPAR1', 'ATP10D', 'DGKA', 'LPGAT1', 'CDS1', 'LPAR3', 'PDE4D', 'PLPP5', 'AGPAT2', 'DDHD2', 'RAB11FIP2', 'LCLAT1', 'DGKG', 'ENPP2', 'DGKH', 'ATP8B2', 'AGPAT4', 'ACAP1', 'DGKQ', 'PLPP4', 'DGKD', 'PLD2', 'AGPAT1', 'ATP8A1', 'LPCAT2', 'PPAPDC3', 'ATP10A', 'ATP10B', 'PPAPDC2', 'GPAT3', 'PPAPDC1B', 'PLTP', 'LPCAT1', 'CDS2', 'ATP9A', 'LIPI', 'DGKZ', 'ATP8B3', 'FLJ10842', 'ATP8B1', 'NAPEPLD', 'Phosphodiesterase', 'PPAPDC1A', 'AGAP1', 'PLPPR4', 'mitochondrial', 'DGKI', '1-acyl-sn-glycerol-3-phosphate acyltransferase', 'LIPH', 'PLPP3', 'LPAR4', 'LPAR5', 'Acylglycerol kinase', 'AGK', 'AGAP2', 'DGKB', 'PLCD3', 'LPCAT4', 'PTK2B', 'PPAP2B', 'LPAR2', 'OSBPL2', 'AGPAT5', 'LPPR5', 'ATP11B', 'ATP11C', 'PLPP2', 'MOGAT2', 'AGPAT9', 'ATP8A2'}"
mz-714.19111,0
mz-714.25869,0
mz-714.26747,0
mz-715.12408,0
mz-715.2596,0
mz-715.31721,0
mz-716.12743,0
mz-716.19741,"{'UDP-glucuronosyltransferase', 'SULT2B1', 'UGT1A1', 'CES1'}"
mz-716.2042,0
mz-716.26332,0
mz-716.28983,{'TH'}
mz-717.15675,0
mz-717.20036,0
mz-717.23988,0
mz-718.16034,0
mz-718.19314,0
mz-718.20407,0
mz-719.19621,0
mz-721.11019,0
mz-723.12651,0
mz-723.49244,"{'DGKK', 'PLPP1', 'Diacylglycerol kinase', 'PLPPR5', 'PPAP2A', 'ATP8B4', 'DDHD1', 'GPLD1', 'OSBPL1A', 'ACP6', 'DGKE', 'PTK2', 'GPAT4', 'LPAR6', 'PPAP2C', 'AGPAT6', 'LPPR4', 'PLPP6', 'ATP11A', 'ACAP2', 'AGPAT3', 'LPAR1', 'ATP10D', 'DGKA', 'LPGAT1', 'CDS1', 'LPAR3', 'PDE4D', 'PLPP5', 'AGPAT2', 'DDHD2', 'RAB11FIP2', 'LCLAT1', 'DGKG', 'ENPP2', 'DGKH', 'ATP8B2', 'AGPAT4', 'ACAP1', 'DGKQ', 'PLPP4', 'DGKD', 'PLD2', 'AGPAT1', 'ATP8A1', 'LPCAT2', 'PPAPDC3', 'ATP10A', 'ATP10B', 'PPAPDC2', 'GPAT3', 'PPAPDC1B', 'PLTP', 'LPCAT1', 'CDS2', 'ATP9A', 'LIPI', 'DGKZ', 'ATP8B3', 'FLJ10842', 'ATP8B1', 'NAPEPLD', 'Phosphodiesterase', 'PPAPDC1A', 'AGAP1', 'PLPPR4', 'mitochondrial', 'DGKI', '1-acyl-sn-glycerol-3-phosphate acyltransferase', 'LIPH', 'PLPP3', 'LPAR4', 'LPAR5', 'Acylglycerol kinase', 'AGK', 'AGAP2', 'DGKB', 'PLCD3', 'LPCAT4', 'PTK2B', 'PPAP2B', 'LPAR2', 'OSBPL2', 'AGPAT5', 'LPPR5', 'ATP11B', 'ATP11C', 'PLPP2', 'MOGAT2', 'AGPAT9', 'ATP8A2'}"
mz-724.13022,0
mz-726.17676,0
mz-727.18055,0
mz-729.25848,0
mz-731.25481,0
mz-732.25778,0
mz-737.4309,"{'TMLHE', 'Diamine acetyltransferase 1', 'MTAP', 'SLC22A4', 'CHDH', 'BBOX1', 'PDPR', 'ABP1', 'Betaine--homocysteine S-methyltransferase 1', 'HDC', 'OAZ1', 'SMS', 'ALDH9A1', 'SAT1', 'SAT2', ""S-methyl-5'-thioadenosine phosphorylase"", 'ODC1', 'SLC22A1', 'PMF1', 'Glycine amidinotransferase', 'AGMAT', 'GATM', 'XDH', 'DMGDH', 'AOC1', 'BHMT2', 'SARDH', 'AMD1', 'SMOX', 'SRM', 'BHMT'}"
mz-738.17868,0
mz-738.43429,0
mz-739.10015,0
mz-739.46649,"{'DGKK', 'PLPP1', 'Diacylglycerol kinase', 'PLPPR5', 'PPAP2A', 'ATP8B4', 'DDHD1', 'GPLD1', 'OSBPL1A', 'ACP6', 'DGKE', 'PTK2', 'GPAT4', 'LPAR6', 'PPAP2C', 'AGPAT6', 'LPPR4', 'PLPP6', 'ATP11A', 'ACAP2', 'AGPAT3', 'LPAR1', 'ATP10D', 'DGKA', 'LPGAT1', 'CDS1', 'LPAR3', 'PDE4D', 'PLPP5', 'AGPAT2', 'DDHD2', 'RAB11FIP2', 'LCLAT1', 'DGKG', 'ENPP2', 'DGKH', 'ATP8B2', 'AGPAT4', 'ACAP1', 'DGKQ', 'PLPP4', 'DGKD', 'PLD2', 'AGPAT1', 'ATP8A1', 'LPCAT2', 'PPAPDC3', 'ATP10A', 'ATP10B', 'PPAPDC2', 'GPAT3', 'PPAPDC1B', 'PLTP', 'LPCAT1', 'CDS2', 'ATP9A', 'LIPI', 'DGKZ', 'ATP8B3', 'FLJ10842', 'ATP8B1', 'NAPEPLD', 'Phosphodiesterase', 'PPAPDC1A', 'AGAP1', 'PLPPR4', 'mitochondrial', 'DGKI', '1-acyl-sn-glycerol-3-phosphate acyltransferase', 'LIPH', 'PLPP3', 'LPAR4', 'LPAR5', 'Acylglycerol kinase', 'AGK', 'AGAP2', 'DGKB', 'PLCD3', 'LPCAT4', 'PTK2B', 'PPAP2B', 'LPAR2', 'OSBPL2', 'AGPAT5', 'LPPR5', 'ATP11B', 'ATP11C', 'PLPP2', 'MOGAT2', 'AGPAT9', 'ATP8A2'}"
mz-740.10447,0
mz-740.46962,0
mz-741.09987,0
mz-741.10787,0
mz-743.31165,0
mz-744.29663,0
mz-744.31571,0
mz-746.30025,0
mz-747.30352,0
mz-754.15247,0
mz-755.15658,0
mz-756.55062,"{'PITPNM3', 'ATP8B4', 'PLSCR1', 'PCYT1A', 'CES1', 'ABHD4', 'PITPNA', 'PLA2G2F', 'PLA2G5', 'PLA2G12B', 'ATP11A', 'PLSCR3', 'PITPNB', 'PLD6', 'PLD4', 'ATP10D', 'Phosphatidylcholine-sterol acyltransferase', 'PLSCR5', 'CHKA', 'PLA2G2C', 'PISD', 'SCARB1', 'PLA2G4A', 'PLA2G4D', 'PLA2G4B', 'APOA5', 'SOAT2', 'EPT1', 'CEPT1', 'PLSCR4', 'PLA2G2D', 'ATP8B2', 'D-beta-hydroxybutyrate dehydrogenase', 'LYPLA1', 'SGMS1', 'PLD3', 'LIPA', 'PLA2G4F', 'PLD2', 'PLA2G4C', 'PTDSS1', 'ATP8A1', 'LPCAT2', 'ATP10A', 'ATP10B', 'LRAT', 'PLA2G1B', 'PLSCR2', 'PLTP', 'Acyl-protein thioesterase 1', 'PLA2G2E', 'LPCAT1', 'ATP9A', 'ATP8B3', 'ATP8B1', 'NAPEPLD', 'CEL', 'Phosphatidylinositol transfer protein alpha isoform', 'PLB1', 'PLD1', 'PLA2G10', 'PNPLA6', 'CLC', 'PLA2G3', 'mitochondrial', 'PLA2G4E', 'CHPT1', 'NCEH1', 'LYPLA2', 'SOAT1', 'ABCB4', 'PITPNM2', 'SCGB1A1', 'JMJD7', 'PLCD3', 'SELENOI', 'PITPNM1', 'PEMT', 'PCTP', 'LCAT', 'PLA2G6', 'SGMS2', 'JMJD7-PLA2G4B', 'PCYT1B', 'PLA2G12A', 'PLA2G2A', 'PEBP1', 'PLA2G15', 'BDH1', 'ATP11B', 'PEBP4', 'ATP11C', 'ARFGAP1', 'LPCAT3', 'MOGAT2', 'ATP8A2'}"
mz-757.32781,0
mz-761.32308,0
mz-762.28558,0
mz-766.44629,"{'PITPNM3', 'ATP8B4', 'PLSCR1', 'PCYT1A', 'ABHD4', 'PITPNA', 'PLA2G2F', 'PLA2G5', 'PLA2G12B', 'ATP11A', 'PLSCR3', 'PITPNB', 'PLD6', 'PLD4', 'ATP10D', 'Phosphatidylcholine-sterol acyltransferase', 'PLSCR5', 'CHKA', 'PLA2G2C', 'PISD', 'PLA2G4A', 'PLA2G4D', 'PLA2G4B', 'APOA5', 'EPT1', 'CEPT1', 'PLSCR4', 'PLA2G2D', 'ATP8B2', 'D-beta-hydroxybutyrate dehydrogenase', 'LYPLA1', 'SGMS1', 'PLD3', 'PLA2G4F', 'PLD2', 'PLA2G4C', 'PTDSS1', 'ATP8A1', 'LPCAT2', 'ATP10A', 'ATP10B', 'LRAT', 'PLA2G1B', 'PLSCR2', 'PLTP', 'Acyl-protein thioesterase 1', 'PLA2G2E', 'LPCAT1', 'ATP9A', 'ATP8B3', 'ATP8B1', 'NAPEPLD', 'Phosphatidylinositol transfer protein alpha isoform', 'PLB1', 'PLD1', 'PLA2G10', 'PNPLA6', 'CLC', 'PLA2G3', 'mitochondrial', 'PLA2G4E', 'CHPT1', 'LYPLA2', 'ABCB4', 'PITPNM2', 'SCGB1A1', 'JMJD7', 'PLCD3', 'SELENOI', 'PITPNM1', 'PEMT', 'PCTP', 'LCAT', 'PLA2G6', 'SGMS2', 'JMJD7-PLA2G4B', 'PCYT1B', 'PLA2G12A', 'PLA2G2A', 'PEBP1', 'PLA2G15', 'BDH1', 'ATP11B', 'PEBP4', 'ATP11C', 'ARFGAP1', 'LPCAT3', 'MOGAT2', 'ATP8A2'}"
mz-768.18789,0
mz-769.56067,0
mz-771.39291,0
mz-772.52412,"{'PITPNM3', 'ATP8B4', 'PLSCR1', 'PCYT1A', 'CES1', 'ABHD4', 'PITPNA', 'PLA2G2F', 'PLA2G5', 'PLA2G12B', 'ATP11A', 'PLSCR3', 'PITPNB', 'PLD6', 'PLD4', 'ATP10D', 'Phosphatidylcholine-sterol acyltransferase', 'PLSCR5', 'CHKA', 'PLA2G2C', 'PISD', 'SCARB1', 'PLA2G4A', 'PLA2G4D', 'PLA2G4B', 'APOA5', 'SOAT2', 'EPT1', 'CEPT1', 'PLSCR4', 'PLA2G2D', 'ATP8B2', 'D-beta-hydroxybutyrate dehydrogenase', 'LYPLA1', 'SGMS1', 'PLD3', 'LIPA', 'PLA2G4F', 'PLD2', 'PLA2G4C', 'PTDSS1', 'ATP8A1', 'LPCAT2', 'ATP10A', 'ATP10B', 'LRAT', 'PLA2G1B', 'PLSCR2', 'PLTP', 'Acyl-protein thioesterase 1', 'PLA2G2E', 'LPCAT1', 'ATP9A', 'ATP8B3', 'ATP8B1', 'NAPEPLD', 'CEL', 'Phosphatidylinositol transfer protein alpha isoform', 'PLB1', 'PLD1', 'PLA2G10', 'PNPLA6', 'CLC', 'PLA2G3', 'mitochondrial', 'PLA2G4E', 'CHPT1', 'NCEH1', 'LYPLA2', 'SOAT1', 'ABCB4', 'PITPNM2', 'SCGB1A1', 'JMJD7', 'PLCD3', 'SELENOI', 'PITPNM1', 'PEMT', 'PCTP', 'LCAT', 'PLA2G6', 'SGMS2', 'JMJD7-PLA2G4B', 'PCYT1B', 'PLA2G12A', 'PLA2G2A', 'PEBP1', 'PLA2G15', 'BDH1', 'ATP11B', 'PEBP4', 'ATP11C', 'ARFGAP1', 'LPCAT3', 'MOGAT2', 'ATP8A2'}"
mz-773.52705,0
mz-774.2903,0
mz-774.60015,0
mz-775.06141,0
mz-775.29225,0
mz-775.38622,0
mz-776.06377,0
mz-776.30479,0
mz-777.30797,0
mz-778.28405,0
mz-778.31214,0
mz-779.28753,0
mz-782.56576,"{'PITPNM3', 'ATP8B4', 'PLSCR1', 'PCYT1A', 'PITPNA', 'PLA2G2F', 'PLA2G5', 'PLA2G12B', 'ATP11A', 'PLSCR3', 'PITPNB', 'PLD6', 'PLD4', 'ATP10D', 'Phosphatidylcholine-sterol acyltransferase', 'PLSCR5', 'CHKA', 'PLA2G2C', 'PLA2G4A', 'PLA2G4D', 'PLA2G4B', 'APOA5', 'CEPT1', 'PLSCR4', 'PLA2G2D', 'ATP8B2', 'D-beta-hydroxybutyrate dehydrogenase', 'LYPLA1', 'SGMS1', 'PLD3', 'PLA2G4F', 'PLD2', 'PLA2G4C', 'PTDSS1', 'ATP8A1', 'LPCAT2', 'ATP10A', 'ATP10B', 'LRAT', 'PLA2G1B', 'PLSCR2', 'PLTP', 'Acyl-protein thioesterase 1', 'PLA2G2E', 'LPCAT1', 'ATP9A', 'ATP8B3', 'ATP8B1', 'Phosphatidylinositol transfer protein alpha isoform', 'PLB1', 'PLD1', 'PLA2G10', 'PNPLA6', 'CLC', 'PLA2G3', 'mitochondrial', 'PLA2G4E', 'CHPT1', 'LYPLA2', 'ABCB4', 'PITPNM2', 'SCGB1A1', 'JMJD7', 'PLCD3', 'PITPNM1', 'PEMT', 'PCTP', 'LCAT', 'PLA2G6', 'SGMS2', 'JMJD7-PLA2G4B', 'PCYT1B', 'PLA2G12A', 'PLA2G2A', 'PEBP1', 'PLA2G15', 'BDH1', 'ATP11B', 'PEBP4', 'ATP11C', 'ARFGAP1', 'LPCAT3', 'MOGAT2', 'ATP8A2'}"
mz-783.26892,0
mz-783.56892,0
mz-785.31168,0
mz-785.4514,0
mz-788.30407,0
mz-789.30798,0
mz-790.30784,0
mz-790.32025,0
mz-790.32852,0
mz-791.3235,0
mz-791.3318,0
mz-791.98101,0
mz-791.98766,0
mz-791.99347,0
mz-792.28024,0
mz-792.32681,0
mz-792.33762,0
mz-793.05763,0
mz-793.33183,0
mz-793.341,0
mz-793.99352,0
mz-794.29594,0
mz-795.29927,0
mz-796.19259,0
mz-796.29421,0
mz-796.30177,0
mz-796.31101,0
mz-797.31354,0
mz-798.1962,0
mz-798.53984,"{'PITPNM3', 'ATP8B4', 'PLSCR1', 'PCYT1A', 'ABHD4', 'PITPNA', 'PLA2G2F', 'PLA2G5', 'PLA2G12B', 'ATP11A', 'PLSCR3', 'PITPNB', 'PLD6', 'PLD4', 'ATP10D', 'Phosphatidylcholine-sterol acyltransferase', 'PLSCR5', 'CHKA', 'PLA2G2C', 'PISD', 'PLA2G4A', 'PLA2G4D', 'PLA2G4B', 'APOA5', 'EPT1', 'CEPT1', 'PLSCR4', 'PLA2G2D', 'ATP8B2', 'D-beta-hydroxybutyrate dehydrogenase', 'LYPLA1', 'SGMS1', 'PLD3', 'PLA2G4F', 'PLD2', 'PLA2G4C', 'PTDSS1', 'ATP8A1', 'LPCAT2', 'ATP10A', 'ATP10B', 'LRAT', 'PLA2G1B', 'PLSCR2', 'PLTP', 'Acyl-protein thioesterase 1', 'PLA2G2E', 'LPCAT1', 'ATP9A', 'ATP8B3', 'ATP8B1', 'NAPEPLD', 'Phosphatidylinositol transfer protein alpha isoform', 'PLB1', 'PLD1', 'PLA2G10', 'PNPLA6', 'CLC', 'PLA2G3', 'mitochondrial', 'PLA2G4E', 'CHPT1', 'LYPLA2', 'ABCB4', 'PITPNM2', 'SCGB1A1', 'JMJD7', 'PLCD3', 'SELENOI', 'PITPNM1', 'PEMT', 'PCTP', 'LCAT', 'PLA2G6', 'SGMS2', 'JMJD7-PLA2G4B', 'PCYT1B', 'PLA2G12A', 'PLA2G2A', 'PEBP1', 'PLA2G15', 'BDH1', 'ATP11B', 'PEBP4', 'ATP11C', 'ARFGAP1', 'LPCAT3', 'MOGAT2', 'ATP8A2'}"
mz-799.19925,0
mz-799.54291,0
mz-800.54681,0
mz-800.55615,0
mz-802.32079,0
mz-803.32399,0
mz-803.38127,0
mz-804.3357,0
mz-804.54915,"{'PITPNM3', 'ATP8B4', 'PLSCR1', 'PCYT1A', 'PITPNA', 'PLA2G2F', 'PLA2G5', 'PLA2G12B', 'ATP11A', 'PLSCR3', 'PITPNB', 'PLD6', 'PLD4', 'ATP10D', 'Phosphatidylcholine-sterol acyltransferase', 'PLSCR5', 'CHKA', 'PLA2G2C', 'PLA2G4A', 'PLA2G4D', 'PLA2G4B', 'APOA5', 'CEPT1', 'PLSCR4', 'PLA2G2D', 'ATP8B2', 'D-beta-hydroxybutyrate dehydrogenase', 'LYPLA1', 'SGMS1', 'PLD3', 'PLA2G4F', 'PLD2', 'PLA2G4C', 'PTDSS1', 'ATP8A1', 'LPCAT2', 'ATP10A', 'ATP10B', 'LRAT', 'PLA2G1B', 'PLSCR2', 'PLTP', 'Acyl-protein thioesterase 1', 'PLA2G2E', 'LPCAT1', 'ATP9A', 'ATP8B3', 'ATP8B1', 'Phosphatidylinositol transfer protein alpha isoform', 'PLB1', 'PLD1', 'PLA2G10', 'PNPLA6', 'CLC', 'PLA2G3', 'mitochondrial', 'PLA2G4E', 'CHPT1', 'LYPLA2', 'ABCB4', 'PITPNM2', 'SCGB1A1', 'JMJD7', 'PLCD3', 'PITPNM1', 'PEMT', 'PCTP', 'LCAT', 'PLA2G6', 'SGMS2', 'JMJD7-PLA2G4B', 'PCYT1B', 'PLA2G12A', 'PLA2G2A', 'PEBP1', 'PLA2G15', 'BDH1', 'ATP11B', 'PEBP4', 'ATP11C', 'ARFGAP1', 'LPCAT3', 'MOGAT2', 'ATP8A2'}"
mz-805.33878,0
mz-805.34652,0
mz-806.29529,0
mz-806.31509,0
mz-806.34093,0
mz-806.35299,0
mz-807.13323,0
mz-807.29896,0
mz-807.31881,0
mz-807.3568,0
mz-808.13812,0
mz-808.26532,0
mz-808.31118,0
mz-808.33109,"{'PGD', 'ADRB2'}"
mz-809.31381,"{'Catechol O-methyltransferase', 'COMT', 'SLX1B', 'UGT1A1', 'SULT1A3', 'UDP-glucuronosyltransferase', 'SULT1A4'}"
mz-809.33463,0
mz-810.31892,0
mz-810.32675,0
mz-810.33806,0
mz-811.04586,0
mz-811.33002,0
mz-812.05004,0
mz-812.33316,0
mz-813.05233,0
mz-813.40188,0
mz-814.30122,0
mz-815.30468,0
mz-816.20646,0
mz-817.2102,0
mz-818.35301,0
mz-819.35581,0
mz-820.33077,0
mz-820.52425,"{'PITPNM3', 'ATP8B4', 'PLSCR1', 'PCYT1A', 'PITPNA', 'PLA2G2F', 'PLA2G5', 'PLA2G12B', 'ATP11A', 'PLSCR3', 'PITPNB', 'PLD6', 'PLD4', 'ATP10D', 'Phosphatidylcholine-sterol acyltransferase', 'PLSCR5', 'CHKA', 'PLA2G2C', 'PLA2G4A', 'PLA2G4D', 'PLA2G4B', 'APOA5', 'CEPT1', 'PLSCR4', 'PLA2G2D', 'ATP8B2', 'D-beta-hydroxybutyrate dehydrogenase', 'LYPLA1', 'SGMS1', 'PLD3', 'PLA2G4F', 'PLD2', 'PLA2G4C', 'PTDSS1', 'ATP8A1', 'LPCAT2', 'ATP10A', 'ATP10B', 'LRAT', 'PLA2G1B', 'PLSCR2', 'PLTP', 'Acyl-protein thioesterase 1', 'PLA2G2E', 'LPCAT1', 'ATP9A', 'ATP8B3', 'ATP8B1', 'Phosphatidylinositol transfer protein alpha isoform', 'PLB1', 'PLD1', 'PLA2G10', 'PNPLA6', 'CLC', 'PLA2G3', 'mitochondrial', 'PLA2G4E', 'CHPT1', 'LYPLA2', 'ABCB4', 'PITPNM2', 'SCGB1A1', 'JMJD7', 'PLCD3', 'PITPNM1', 'PEMT', 'PCTP', 'LCAT', 'PLA2G6', 'SGMS2', 'JMJD7-PLA2G4B', 'PCYT1B', 'PLA2G12A', 'PLA2G2A', 'PEBP1', 'PLA2G15', 'BDH1', 'ATP11B', 'PEBP4', 'ATP11C', 'ARFGAP1', 'LPCAT3', 'MOGAT2', 'ATP8A2'}"
mz-821.14902,0
mz-821.33307,0
mz-821.52703,0
mz-822.27959,0
mz-822.32617,0
mz-822.34588,0
mz-823.28307,0
mz-823.32886,0
mz-823.34862,0
mz-824.2881,0
mz-824.3061,0
mz-824.34211,0
mz-824.35291,0
mz-824.5555,"{'PITPNM3', 'ATP8B4', 'PLSCR1', 'PCYT1A', 'PITPNA', 'PLA2G2F', 'PLA2G5', 'PLA2G12B', 'ATP11A', 'PLSCR3', 'PITPNB', 'PLD6', 'PLD4', 'ATP10D', 'Phosphatidylcholine-sterol acyltransferase', 'PLSCR5', 'CHKA', 'PLA2G2C', 'PLA2G4A', 'PLA2G4D', 'PLA2G4B', 'APOA5', 'CEPT1', 'PLSCR4', 'PLA2G2D', 'ATP8B2', 'D-beta-hydroxybutyrate dehydrogenase', 'LYPLA1', 'SGMS1', 'PLD3', 'PLA2G4F', 'PLD2', 'PLA2G4C', 'PTDSS1', 'ATP8A1', 'LPCAT2', 'ATP10A', 'ATP10B', 'LRAT', 'PLA2G1B', 'PLSCR2', 'PLTP', 'Acyl-protein thioesterase 1', 'PLA2G2E', 'LPCAT1', 'ATP9A', 'ATP8B3', 'ATP8B1', 'Phosphatidylinositol transfer protein alpha isoform', 'PLB1', 'PLD1', 'PLA2G10', 'PNPLA6', 'CLC', 'PLA2G3', 'mitochondrial', 'PLA2G4E', 'CHPT1', 'LYPLA2', 'ABCB4', 'PITPNM2', 'SCGB1A1', 'JMJD7', 'PLCD3', 'PITPNM1', 'PEMT', 'PCTP', 'LCAT', 'PLA2G6', 'SGMS2', 'JMJD7-PLA2G4B', 'PCYT1B', 'PLA2G12A', 'PLA2G2A', 'PEBP1', 'PLA2G15', 'BDH1', 'ATP11B', 'PEBP4', 'ATP11C', 'ARFGAP1', 'LPCAT3', 'MOGAT2', 'ATP8A2'}"
mz-825.29288,0
mz-825.30912,0
mz-825.34612,0
mz-826.28474,"{'ADRA2A', 'DRD1', 'ADRA2B', 'DRD5', 'ADRA2C'}"
mz-826.32092,0
mz-826.34986,0
mz-826.57063,0
mz-827.28805,0
mz-827.32522,0
mz-827.57464,0
mz-827.96312,0
mz-828.30107,0
mz-828.31743,0
mz-828.32924,0
mz-828.55016,"{'PITPNM3', 'ATP8B4', 'PLSCR1', 'PCYT1A', 'PITPNA', 'PLA2G2F', 'PLA2G5', 'PLA2G12B', 'ATP11A', 'PLSCR3', 'PITPNB', 'PLD6', 'PLD4', 'ATP10D', 'Phosphatidylcholine-sterol acyltransferase', 'PLSCR5', 'CHKA', 'PLA2G2C', 'PLA2G4A', 'PLA2G4D', 'PLA2G4B', 'APOA5', 'CEPT1', 'PLSCR4', 'PLA2G2D', 'ATP8B2', 'D-beta-hydroxybutyrate dehydrogenase', 'LYPLA1', 'SGMS1', 'PLD3', 'PLA2G4F', 'PLD2', 'PLA2G4C', 'PTDSS1', 'ATP8A1', 'LPCAT2', 'ATP10A', 'ATP10B', 'LRAT', 'PLA2G1B', 'PLSCR2', 'PLTP', 'Acyl-protein thioesterase 1', 'PLA2G2E', 'LPCAT1', 'ATP9A', 'ATP8B3', 'ATP8B1', 'Phosphatidylinositol transfer protein alpha isoform', 'PLB1', 'PLD1', 'PLA2G10', 'PNPLA6', 'CLC', 'PLA2G3', 'mitochondrial', 'PLA2G4E', 'CHPT1', 'LYPLA2', 'ABCB4', 'PITPNM2', 'SCGB1A1', 'JMJD7', 'PLCD3', 'PITPNM1', 'PEMT', 'PCTP', 'LCAT', 'PLA2G6', 'SGMS2', 'JMJD7-PLA2G4B', 'PCYT1B', 'PLA2G12A', 'PLA2G2A', 'PEBP1', 'PLA2G15', 'BDH1', 'ATP11B', 'PEBP4', 'ATP11C', 'ARFGAP1', 'LPCAT3', 'MOGAT2', 'ATP8A2'}"
mz-829.03788,0
mz-829.30382,0
mz-829.32113,0
mz-829.96758,0
mz-830.14921,0
mz-830.33274,0
mz-834.21037,0
mz-836.32676,0
mz-838.30494,0
mz-838.34311,0
mz-839.1604,0
mz-839.30781,0
mz-839.3442,0
mz-840.30092,0
mz-840.33647,0
mz-841.15484,0
mz-841.33952,0
mz-842.15796,0
mz-842.29891,0
mz-842.31583,0
mz-842.33275,0
mz-842.35155,0
mz-843.3189,0
mz-843.33492,0
mz-843.35565,0
mz-844.31209,0
mz-844.34892,0
mz-844.35931,0
mz-844.52367,"{'PITPNM3', 'ATP8B4', 'PLSCR1', 'PCYT1A', 'PITPNA', 'PLA2G2F', 'PLA2G5', 'PLA2G12B', 'ATP11A', 'PLSCR3', 'PITPNB', 'PLD6', 'PLD4', 'ATP10D', 'Phosphatidylcholine-sterol acyltransferase', 'PLSCR5', 'CHKA', 'PLA2G2C', 'PLA2G4A', 'PLA2G4D', 'PLA2G4B', 'APOA5', 'CEPT1', 'PLSCR4', 'PLA2G2D', 'ATP8B2', 'D-beta-hydroxybutyrate dehydrogenase', 'LYPLA1', 'SGMS1', 'PLD3', 'PLA2G4F', 'PLD2', 'PLA2G4C', 'PTDSS1', 'ATP8A1', 'LPCAT2', 'ATP10A', 'ATP10B', 'LRAT', 'PLA2G1B', 'PLSCR2', 'PLTP', 'Acyl-protein thioesterase 1', 'PLA2G2E', 'LPCAT1', 'ATP9A', 'ATP8B3', 'ATP8B1', 'Phosphatidylinositol transfer protein alpha isoform', 'PLB1', 'PLD1', 'PLA2G10', 'PNPLA6', 'CLC', 'PLA2G3', 'mitochondrial', 'PLA2G4E', 'CHPT1', 'LYPLA2', 'ABCB4', 'PITPNM2', 'SCGB1A1', 'JMJD7', 'PLCD3', 'PITPNM1', 'PEMT', 'PCTP', 'LCAT', 'PLA2G6', 'SGMS2', 'JMJD7-PLA2G4B', 'PCYT1B', 'PLA2G12A', 'PLA2G2A', 'PEBP1', 'PLA2G15', 'BDH1', 'ATP11B', 'PEBP4', 'ATP11C', 'ARFGAP1', 'LPCAT3', 'MOGAT2', 'ATP8A2'}"
mz-845.52728,0
mz-846.10536,0
mz-846.53992,0
mz-848.32456,0
mz-848.55532,0
mz-849.55898,0
mz-852.19445,0
mz-852.20503,0
mz-852.32049,0
mz-853.0332,0
mz-853.32343,0
mz-854.20307,0
mz-854.33551,0
mz-855.33836,0
mz-856.24546,0
mz-856.3319,0
mz-857.34237,0
mz-858.31325,0
mz-858.34936,0
mz-859.35286,0
mz-860.34399,0
mz-861.34823,0
mz-862.08498,0
mz-862.09285,0
mz-862.35087,0
mz-864.09801,0
mz-864.13362,0
mz-866.12445,0
mz-869.00889,0
mz-872.55559,0
mz-878.3322,0
mz-879.33587,0
mz-880.33875,0
mz-883.13797,0
mz-888.20977,0
mz-888.24739,0
mz-889.40168,0
mz-890.40352,0
mz-894.30639,"{'Cytochrome P450 3A', 'CYP3A4'}"
mz-894.31698,0
mz-895.30975,0
mz-896.30154,0
mz-896.31325,0
mz-897.31686,0
mz-899.11125,0
mz-901.36356,0
mz-902.36773,0
mz-903.3709,0
mz-907.33182,0
mz-915.33214,0
mz-920.24843,0
mz-927.36939,0
mz-928.373,0
mz-932.24692,0
mz-936.22064,0
mz-937.98999,0
mz-938.03195,0
mz-938.23714,0
mz-939.23989,0
mz-939.36611,0
mz-940.24361,0
mz-940.3701,0
mz-941.36098,"{'SULT1A3', 'SULT1A4', 'SULT2B1', 'SLX1B'}"
mz-941.36802,0
mz-941.38328,0
mz-941.39385,0
mz-942.37159,0
mz-942.38689,0
mz-942.39748,0
mz-943.39028,0
mz-944.39344,0
mz-947.34206,0
mz-948.24525,0
mz-948.34531,0
mz-950.23977,0
mz-951.24318,0
mz-952.24511,0
mz-952.25472,0
mz-953.25877,0
mz-954.26254,0
mz-955.39899,0
mz-956.2304,0
mz-956.40364,0
mz-957.23315,0
mz-957.37883,"{'ADRA1A', 'SLC6A2'}"
mz-958.2368,0
mz-958.38278,0
mz-966.2669,0
mz-967.26108,0
mz-967.27099,0
mz-968.24613,0
mz-968.26476,0
mz-969.24812,0
mz-970.24221,0
mz-971.2446,0
mz-972.24655,0
mz-972.25782,0
mz-973.26061,0
mz-982.34642,0
mz-983.35093,0
mz-984.24583,0
mz-985.24908,0
mz-985.33781,0
mz-986.342,0
mz-988.22198,0
mz-989.22428,0
mz-990.252,0
mz-991.25583,0
mz-992.25908,0
mz-992.31386,0
mz-992.36082,0
mz-996.36349,0
mz-1000.24084,0
mz-1001.31284,0
mz-1002.3166,0
mz-1003.30771,0
mz-1004.31147,0
mz-1006.2271,0
mz-1007.00561,0
mz-1007.66426,0
mz-1008.24297,0
mz-1009.0219,0
mz-1009.24583,0
mz-1010.02632,0
mz-1010.2507,0
mz-1024.21218,0
mz-1025.21506,0
mz-1026.21851,0
mz-1027.00732,0
mz-1028.01148,0
mz-1029.01481,0
mz-1033.67441,0
mz-1042.29466,0
mz-1042.34647,0
mz-1044.29885,0
mz-1044.3523,0
mz-1046.31366,0
mz-1046.32671,0
mz-1046.33977,0
mz-1046.36442,0
mz-1048.32025,0
mz-1048.3319,0
mz-1048.34354,0
mz-1048.38431,0
