Gene,Peak
Cd38,CD38
Cd163,CD163
Cd4,CD4
Cd19,CD19
Madcam1,MadCAM1
Cd68,CD68
Sh2b3,CD3
Chuk,CD3
Akt1,CD3
Grap2,CD3
Creb1,CD3
Pik3r1,CD3
Nfkb1,CD3
Plcg2,CD3
Ighg1,CD3
Hck,CD3
Cblb,CD3
Grb2,CD3
Prkcq,CD3
Fyn,CD3
Pdpk1,CD3
Zap70,CD3
Card11,CD3
Malt1,CD3
Cd8b1,CD3
Cd247,CD3
Lat,CD3
Lck,CD3
Fgr,CD3
Cd3d,CD3
Rela,CD3
Itpr1,CD3
Vav1,CD3
Ighg3,CD3
Plcg1,CD3
Cd3e,CD3
Itpr2,CD3
Cd8a,CD3
Cd4,CD3
Map3k14,CD3
Lyn,CD3
Lcp2,CD3
Itpr3,CD3
Map4k1,CD3
Ikbkb,CD3
Iglc1,CD3
Iglc3,CD3
Prkcd,CD3
Iglc2,CD3
Rel,CD3
Nfkbia,CD3
Syk,CD3
Ighg2c,CD3
Igkc,CD3
Ccl3,CD3
Ccr4,CD3
Il1rl1,CD3
Mapk13,CD3
Map2k6,CD3
Bmp3,CD3
Il1rl2,CD3
Ngf,CD3
Casp12,CD3
Bmp6,CD3
Tab3,CD3
Il1rap,CD3
Tirap,CD3
Bmp4,CD3
Casp1,CD3
S100a1,CD3
C4a,CD3
Camk2a,CD3
Prdm1,CD3
Trpc1,CD3
Map2k6,CD3
Aicda,CD3
Fcrl5,CD3
Pip5k1b,CD3
Inppl1,CD3
Ezh2,CD3
Cd82,CD3
Sell,CD3
Ms4a1,CD3
Itgb2,CD3
Tmsb10,CD3
Braf,CD3
C730036E19Rik,CD3
Lrmda,CD3
Cacng4,CD3
Klhl11,CD3
Gata5,CD3
Nrtn,CD3
Kcnk7,CD3
2900009J06Rik,CD3
Gm15991,CD3
Rasgef1c,CD3
Wnk4,CD3
Pigz,CD3
Mei4,CD3
Slc7a3,CD3
Gm42918,CD3
Gdf9,CD3
